{
  "ie": {
    "6": 0.11850681414181316,
    "7": 0.19356112976496148,
    "8": 0.44045032589373884,
    "9": 0.5234050957930081,
    "10": 0.40489828165119496,
    "11": 0.4858779379814339,
    "5.5": 0
  },
  "edge": {
    "12": 0,
    "13": 0.3199683981828955,
    "14": 0.6814141813154256,
    "15": 0,
    "16": 0,
    "17": 0,
    "18": 0.08492988346829942,
    "76": 0
  },
  "firefox": {
    "2": 0,
    "3": 0,
    "4": 0,
    "5": 0,
    "6": 0.003950227138060439,
    "7": 0.003950227138060439,
    "8": 0.0019751135690302193,
    "9": 0.0019751135690302193,
    "10": 0.005925340707090657,
    "11": 0,
    "12": 0.18961090262690103,
    "13": 0.16985976693659885,
    "14": 0,
    "15": 0,
    "16": 0.32786885245901637,
    "17": 0.0928303377444203,
    "18": 0.0019751135690302193,
    "19": 0.18171044835078018,
    "20": 0.15010863124629664,
    "21": 0.34564487458028836,
    "22": 0.30416748963065376,
    "23": 0.27454078609520044,
    "24": 0.21726249259332414,
    "25": 0.3100928303377444,
    "26": 0.46020146158404107,
    "27": 0.33379419316610703,
    "28": 0.36934623740865097,
    "29": 0.3160181710448351,
    "30": 0.30416748963065376,
    "31": 0.7090657712818487,
    "32": 0.6833892948844559,
    "33": 0.13628283626308513,
    "34": 0.11060635986569228,
    "35": 0.12245704127987359,
    "36": 0.08295476989926921,
    "37": 0.1540588583843571,
    "38": 0.11653170057278293,
    "39": 0.0019751135690302193,
    "40": 0.005925340707090657,
    "41": 0.009875567845151097,
    "42": 0.011850681414181314,
    "43": 0.015800908552241755,
    "44": 0.0019751135690302193,
    "45": 0,
    "46": 0,
    "47": 0.02370136282836263,
    "48": 0,
    "49": 0,
    "50": 0.7347422476792416,
    "51": 0,
    "52": 0.3594706695634999,
    "53": 0,
    "54": 0,
    "55": 0.009875567845151097,
    "56": 0,
    "57": 0,
    "58": 0,
    "59": 0,
    "60": 0.3890973730989532,
    "61": 0,
    "62": 0.003950227138060439,
    "63": 0.0019751135690302193,
    "64": 0,
    "65": 0,
    "66": 0,
    "67": 0,
    "68": 0.08492988346829942,
    "69": 0.08888011060635986,
    "70": 0.6004345249851866,
    "71": 0.003950227138060439,
    "72": 0,
    "3.5": 0,
    "3.6": 0.0019751135690302193
  },
  "chrome": {
    "4": 0,
    "5": 0,
    "6": 0,
    "7": 0,
    "8": 0,
    "9": 0,
    "10": 0,
    "11": 0,
    "12": 0,
    "13": 0,
    "14": 0,
    "15": 0,
    "16": 0,
    "17": 0,
    "18": 0,
    "19": 0,
    "20": 0,
    "21": 0.11850681414181316,
    "22": 0.09678056488248074,
    "23": 0.7979458818882086,
    "24": 0,
    "25": 0.10665613272763184,
    "26": 0.3199683981828955,
    "27": 0.3574955559944697,
    "28": 0.2844163539403516,
    "29": 0.2804661268022911,
    "30": 0.3713213509776812,
    "31": 0.6596879320560932,
    "32": 0.1125814734347225,
    "33": 0.4029231680821648,
    "34": 0.24096385542168677,
    "35": 0.6340114556587004,
    "36": 0.8650997432352361,
    "37": 0.9954572387912305,
    "38": 0.12245704127987359,
    "39": 0.28244124037132134,
    "40": 0.017776022121271974,
    "41": 0.009875567845151097,
    "42": 0.011850681414181314,
    "43": 0.03160181710448351,
    "44": 0,
    "45": 0.017776022121271974,
    "46": 0,
    "47": 0,
    "48": 0,
    "49": 0.04740272565672526,
    "50": 0,
    "51": 0.02962670353545329,
    "52": 0.017776022121271974,
    "53": 0.02370136282836263,
    "54": 0.025676476397392848,
    "55": 0.16195931266047797,
    "56": 0,
    "57": 0.1836855619198104,
    "58": 0.0019751135690302193,
    "59": 0,
    "60": 0.6537625913490026,
    "61": 0.0019751135690302193,
    "62": 0,
    "63": 0.03160181710448351,
    "64": 0,
    "65": 0,
    "66": 0,
    "67": 0.03160181710448351,
    "68": 0.017776022121271974,
    "69": 0,
    "70": 0.003950227138060439,
    "71": 0,
    "72": 0.003950227138060439,
    "73": 0.011850681414181314,
    "74": 0.05332806636381592,
    "75": 0.15208374481532688,
    "76": 22.0718941339127,
    "77": 13.043650009875568,
    "78": 0.12640726841793404,
    "79": 0,
    "80": 0,
    "81": 0
  },
  "safari": {
    "4": 0,
    "5": 0.0019751135690302193,
    "6": 0,
    "7": 0.24096385542168677,
    "8": 0.15010863124629664,
    "9": 0.003950227138060439,
    "10": 0,
    "11": 0,
    "12": 0.003950227138060439,
    "13": 0.013825794983211535,
    "3.1": 0,
    "3.2": 0,
    "5.1": 0,
    "6.1": 0,
    "7.1": 0,
    "9.1": 0.011850681414181314,
    "10.1": 0,
    "11.1": 0,
    "12.1": 0.0019751135690302193,
    "TP": 0
  },
  "opera": {
    "9": 0,
    "11": 0,
    "12": 0,
    "15": 0,
    "16": 0,
    "17": 0,
    "18": 0,
    "19": 0,
    "20": 0,
    "21": 0,
    "22": 0,
    "23": 0,
    "24": 0,
    "25": 0.0019751135690302193,
    "26": 0,
    "27": 0,
    "28": 0,
    "29": 0,
    "30": 0.015800908552241755,
    "31": 0.013825794983211535,
    "32": 0,
    "33": 0,
    "34": 0,
    "35": 0,
    "36": 0,
    "37": 0,
    "38": 0,
    "39": 0,
    "40": 0,
    "41": 0,
    "42": 0,
    "43": 0,
    "44": 0,
    "45": 0,
    "46": 0,
    "47": 0,
    "48": 0,
    "49": 0,
    "50": 0,
    "51": 0,
    "52": 0,
    "53": 0,
    "54": 0,
    "55": 0,
    "56": 0,
    "57": 0,
    "58": 0,
    "60": 0,
    "62": 0,
    "9.5-9.6": 0,
    "10.0-10.1": 0,
    "10.5": 0,
    "10.6": 0,
    "11.1": 0,
    "11.5": 0,
    "11.6": 0,
    "12.1": 0.11060635986569228
  },
  "ios_saf": {
    "8": 0.041477384949634606,
    "3.2": 0,
    "4.0-4.1": 0,
    "4.2-4.3": 0,
    "5.0-5.1": 0,
    "6.0-6.1": 0,
    "7.0-7.1": 0.05530317993284614,
    "8.1-8.4": 0.5609322536045822,
    "9.0-9.2": 0.918427809599052,
    "9.3": 2.0146158404108236,
    "10.0-10.2": 0.003950227138060439,
    "10.3": 0.003950227138060439,
    "11.0-11.2": 0.07307920205411811,
    "11.3-11.4": 0.0019751135690302193,
    "12.0-12.1": 0.15010863124629664,
    "12.2-12.4": 0.3081177167687142,
    "13.0-13.1": 0.05925340707090658
  },
  "op_mini": {
    "all": 0.08492988346829942
  },
  "android": {
    "3": 0,
    "4": 0.13430772269405492,
    "76": 2.5893738889986175,
    "2.1": 0,
    "2.2": 0,
    "2.3": 0,
    "4.1": 0.02370136282836263,
    "4.2-4.3": 0.22911317400750542,
    "4.4": 0.005925340707090657,
    "4.4.3-4.4.4": 0
  },
  "bb": {
    "7": 0,
    "10": 0
  },
  "op_mob": {
    "10": 0.03357693067351373,
    "11": 0.03357693067351373,
    "12": 0.03357693067351373,
    "46": 0.03357693067351373,
    "11.1": 0.03357693067351373,
    "11.5": 0.03357693067351373,
    "12.1": 0.03357693067351373
  },
  "and_chr": {
    "76": 3.047600237013628
  },
  "and_ff": {
    "68": 0.15998419909144776
  },
  "ie_mob": {
    "10": 0,
    "11": 0
  },
  "and_uc": {
    "12.12": 0.13035749555599446
  },
  "samsung": {
    "4": 0,
    "5.0-5.4": 0,
    "6.2-6.4": 0,
    "7.2-7.4": 0,
    "8.2": 0,
    "9.2": 0,
    "10.1": 0
  },
  "and_qq": {
    "1.2": 0
  },
  "baidu": {
    "7.12": 0
  },
  "kaios": {
    "2.5": 0
  }
}